TAZ,TAD,OldDistric,County,District,New DistrictName
1,50.0,8.0,King,6,East Side
2,50.0,8.0,King,6,East Side
3,50.0,8.0,King,6,East Side
4,50.0,8.0,King,6,East Side
5,50.0,8.0,King,6,East Side
6,50.0,8.0,King,6,East Side
7,50.0,8.0,King,6,East Side
8,50.0,8.0,King,6,East Side
9,50.0,8.0,King,6,East Side
10,50.0,8.0,King,6,East Side
11,50.0,8.0,King,6,East Side
12,50.0,8.0,King,6,East Side
13,50.0,8.0,King,6,East Side
14,50.0,8.0,King,6,East Side
15,50.0,8.0,King,6,East Side
16,47.0,8.0,King,6,East Side
17,47.0,8.0,King,6,East Side
18,50.0,8.0,King,6,East Side
19,47.0,8.0,King,6,East Side
20,50.0,8.0,King,6,East Side
21,50.0,8.0,King,6,East Side
22,50.0,8.0,King,6,East Side
23,50.0,8.0,King,6,East Side
24,50.0,8.0,King,6,East Side
25,50.0,8.0,King,6,East Side
26,50.0,8.0,King,6,East Side
27,50.0,8.0,King,6,East Side
28,50.0,8.0,King,6,East Side
29,50.0,8.0,King,6,East Side
30,50.0,8.0,King,6,East Side
31,50.0,8.0,King,6,East Side
32,50.0,8.0,King,6,East Side
33,50.0,8.0,King,6,East Side
34,50.0,8.0,King,6,East Side
35,50.0,8.0,King,6,East Side
36,50.0,8.0,King,6,East Side
37,50.0,8.0,King,6,East Side
38,50.0,8.0,King,6,East Side
39,50.0,8.0,King,6,East Side
40,50.0,8.0,King,6,East Side
41,50.0,8.0,King,6,East Side
42,50.0,8.0,King,6,East Side
43,50.0,8.0,King,6,East Side
44,50.0,8.0,King,6,East Side
45,50.0,8.0,King,6,East Side
46,50.0,8.0,King,6,East Side
47,50.0,8.0,King,6,East Side
48,50.0,8.0,King,6,East Side
49,50.0,8.0,King,6,East Side
50,50.0,8.0,King,6,East Side
51,50.0,8.0,King,6,East Side
52,50.0,8.0,King,6,East Side
53,50.0,8.0,King,6,East Side
54,50.0,8.0,King,6,East Side
55,50.0,8.0,King,6,East Side
56,50.0,8.0,King,6,East Side
57,50.0,8.0,King,6,East Side
58,50.0,8.0,King,6,East Side
59,50.0,8.0,King,6,East Side
60,50.0,8.0,King,6,East Side
61,50.0,8.0,King,6,East Side
62,50.0,8.0,King,6,East Side
63,50.0,8.0,King,6,East Side
64,50.0,8.0,King,6,East Side
65,50.0,8.0,King,6,East Side
66,50.0,8.0,King,6,East Side
67,50.0,8.0,King,6,East Side
68,50.0,8.0,King,6,East Side
69,50.0,8.0,King,6,East Side
70,50.0,8.0,King,6,East Side
71,50.0,8.0,King,6,East Side
72,50.0,8.0,King,6,East Side
73,50.0,8.0,King,6,East Side
74,50.0,8.0,King,6,East Side
75,50.0,8.0,King,6,East Side
76,50.0,8.0,King,6,East Side
77,50.0,8.0,King,6,East Side
78,50.0,8.0,King,6,East Side
79,50.0,8.0,King,6,East Side
80,50.0,8.0,King,6,East Side
81,50.0,8.0,King,6,East Side
82,50.0,8.0,King,6,East Side
83,50.0,8.0,King,6,East Side
84,50.0,8.0,King,6,East Side
85,50.0,8.0,King,6,East Side
86,51.0,8.0,King,6,East Side
87,52.0,9.0,King,6,East Side
88,50.0,8.0,King,6,East Side
89,51.0,8.0,King,6,East Side
90,51.0,8.0,King,6,East Side
91,51.0,8.0,King,6,East Side
92,51.0,8.0,King,6,East Side
93,51.0,8.0,King,6,East Side
94,51.0,8.0,King,6,East Side
95,51.0,8.0,King,6,East Side
96,51.0,8.0,King,6,East Side
97,51.0,8.0,King,6,East Side
98,51.0,8.0,King,6,East Side
99,51.0,8.0,King,6,East Side
100,51.0,8.0,King,6,East Side
101,51.0,8.0,King,6,East Side
102,51.0,8.0,King,6,East Side
103,51.0,8.0,King,6,East Side
104,51.0,8.0,King,6,East Side
105,51.0,8.0,King,6,East Side
106,51.0,8.0,King,6,East Side
107,51.0,8.0,King,6,East Side
108,51.0,8.0,King,6,East Side
109,51.0,9.0,King,6,East Side
110,51.0,9.0,King,6,East Side
111,51.0,8.0,King,6,East Side
112,51.0,9.0,King,6,East Side
113,51.0,9.0,King,6,East Side
114,51.0,9.0,King,6,East Side
115,51.0,9.0,King,6,East Side
116,51.0,9.0,King,6,East Side
117,51.0,9.0,King,6,East Side
118,51.0,9.0,King,6,East Side
119,51.0,9.0,King,6,East Side
120,53.0,9.0,King,6,East Side
121,51.0,9.0,King,6,East Side
122,51.0,9.0,King,6,East Side
123,51.0,9.0,King,6,East Side
124,51.0,9.0,King,6,East Side
125,51.0,9.0,King,6,East Side
126,51.0,9.0,King,6,East Side
127,51.0,8.0,King,6,East Side
128,51.0,9.0,King,6,East Side
129,51.0,9.0,King,6,East Side
130,51.0,9.0,King,6,East Side
131,51.0,9.0,King,6,East Side
132,51.0,9.0,King,6,East Side
133,51.0,8.0,King,6,East Side
134,51.0,8.0,King,6,East Side
135,51.0,8.0,King,6,East Side
136,51.0,8.0,King,6,East Side
137,51.0,8.0,King,6,East Side
138,51.0,8.0,King,6,East Side
139,51.0,8.0,King,6,East Side
140,51.0,8.0,King,6,East Side
141,51.0,8.0,King,6,East Side
142,51.0,8.0,King,6,East Side
143,51.0,8.0,King,6,East Side
144,51.0,8.0,King,6,East Side
145,51.0,8.0,King,6,East Side
146,51.0,8.0,King,6,East Side
147,51.0,8.0,King,6,East Side
148,51.0,8.0,King,6,East Side
149,51.0,8.0,King,6,East Side
150,51.0,8.0,King,6,East Side
151,51.0,8.0,King,6,East Side
152,51.0,8.0,King,6,East Side
153,51.0,8.0,King,6,East Side
154,51.0,8.0,King,6,East Side
155,51.0,8.0,King,6,East Side
156,51.0,8.0,King,6,East Side
157,51.0,8.0,King,6,East Side
158,51.0,8.0,King,6,East Side
159,51.0,8.0,King,6,East Side
160,51.0,8.0,King,6,East Side
161,51.0,8.0,King,6,East Side
162,51.0,8.0,King,6,East Side
163,51.0,8.0,King,6,East Side
164,51.0,8.0,King,6,East Side
165,51.0,8.0,King,6,East Side
166,51.0,8.0,King,6,East Side
167,51.0,8.0,King,6,East Side
168,51.0,8.0,King,6,East Side
169,51.0,8.0,King,6,East Side
170,51.0,8.0,King,6,East Side
171,51.0,8.0,King,6,East Side
172,51.0,8.0,King,6,East Side
173,51.0,8.0,King,6,East Side
174,51.0,8.0,King,6,East Side
175,51.0,8.0,King,6,East Side
176,51.0,8.0,King,6,East Side
177,51.0,8.0,King,6,East Side
178,51.0,8.0,King,6,East Side
179,51.0,8.0,King,6,East Side
180,51.0,8.0,King,6,East Side
181,51.0,8.0,King,6,East Side
182,51.0,8.0,King,6,East Side
183,50.0,8.0,King,6,East Side
184,51.0,8.0,King,6,East Side
185,50.0,8.0,King,6,East Side
186,51.0,8.0,King,6,East Side
187,51.0,8.0,King,6,East Side
188,51.0,8.0,King,6,East Side
189,51.0,8.0,King,6,East Side
190,51.0,8.0,King,6,East Side
191,47.0,8.0,King,6,East Side
192,47.0,8.0,King,6,East Side
193,47.0,8.0,King,6,East Side
194,47.0,8.0,King,6,East Side
195,47.0,8.0,King,6,East Side
196,47.0,8.0,King,6,East Side
197,47.0,8.0,King,6,East Side
198,47.0,8.0,King,6,East Side
199,47.0,8.0,King,6,East Side
200,47.0,8.0,King,6,East Side
201,47.0,8.0,King,6,East Side
202,47.0,8.0,King,6,East Side
203,47.0,8.0,King,6,East Side
204,47.0,8.0,King,6,East Side
205,47.0,8.0,King,6,East Side
206,47.0,8.0,King,6,East Side
207,47.0,8.0,King,6,East Side
208,47.0,8.0,King,6,East Side
209,47.0,8.0,King,6,East Side
210,47.0,8.0,King,6,East Side
211,47.0,8.0,King,6,East Side
212,47.0,8.0,King,6,East Side
213,47.0,8.0,King,6,East Side
214,48.0,8.0,King,6,East Side
215,51.0,9.0,King,6,East Side
216,48.0,8.0,King,6,East Side
217,48.0,8.0,King,6,East Side
218,48.0,8.0,King,6,East Side
219,48.0,8.0,King,6,East Side
220,48.0,8.0,King,6,East Side
221,48.0,8.0,King,6,East Side
222,48.0,8.0,King,6,East Side
223,48.0,8.0,King,6,East Side
224,48.0,8.0,King,6,East Side
225,48.0,8.0,King,6,East Side
226,48.0,8.0,King,6,East Side
227,51.0,9.0,King,6,East Side
228,51.0,9.0,King,6,East Side
229,51.0,9.0,King,6,East Side
230,51.0,9.0,King,6,East Side
231,51.0,9.0,King,6,East Side
232,51.0,9.0,King,6,East Side
233,51.0,9.0,King,6,East Side
234,51.0,9.0,King,6,East Side
235,51.0,9.0,King,6,East Side
236,48.0,8.0,King,6,East Side
237,48.0,8.0,King,6,East Side
238,48.0,8.0,King,6,East Side
239,48.0,8.0,King,6,East Side
240,48.0,8.0,King,6,East Side
241,48.0,8.0,King,6,East Side
242,48.0,8.0,King,6,East Side
243,48.0,8.0,King,6,East Side
244,48.0,8.0,King,6,East Side
245,48.0,8.0,King,6,East Side
246,48.0,8.0,King,6,East Side
247,51.0,9.0,King,6,East Side
248,51.0,9.0,King,6,East Side
249,51.0,9.0,King,6,East Side
250,51.0,9.0,King,6,East Side
251,48.0,8.0,King,6,East Side
252,48.0,8.0,King,6,East Side
253,48.0,8.0,King,6,East Side
254,48.0,8.0,King,6,East Side
255,48.0,8.0,King,6,East Side
256,48.0,8.0,King,6,East Side
257,48.0,8.0,King,6,East Side
258,48.0,8.0,King,6,East Side
259,48.0,8.0,King,6,East Side
260,48.0,8.0,King,6,East Side
261,48.0,8.0,King,6,East Side
262,48.0,8.0,King,6,East Side
263,48.0,8.0,King,6,East Side
264,48.0,8.0,King,6,East Side
265,48.0,8.0,King,6,East Side
266,48.0,8.0,King,6,East Side
267,48.0,8.0,King,6,East Side
268,48.0,8.0,King,6,East Side
269,48.0,8.0,King,6,East Side
270,48.0,8.0,King,6,East Side
271,48.0,8.0,King,6,East Side
272,48.0,8.0,King,6,East Side
273,48.0,8.0,King,6,East Side
274,48.0,8.0,King,6,East Side
275,48.0,8.0,King,6,East Side
276,48.0,8.0,King,6,East Side
277,48.0,8.0,King,6,East Side
278,48.0,8.0,King,6,East Side
279,48.0,8.0,King,6,East Side
280,48.0,8.0,King,6,East Side
281,48.0,8.0,King,6,East Side
282,47.0,8.0,King,6,East Side
283,48.0,8.0,King,6,East Side
284,48.0,8.0,King,6,East Side
285,47.0,8.0,King,6,East Side
286,48.0,8.0,King,6,East Side
287,48.0,8.0,King,6,East Side
288,48.0,8.0,King,6,East Side
289,48.0,8.0,King,6,East Side
290,48.0,8.0,King,6,East Side
291,48.0,8.0,King,6,East Side
292,48.0,8.0,King,6,East Side
293,48.0,8.0,King,6,East Side
294,48.0,8.0,King,6,East Side
295,48.0,8.0,King,6,East Side
296,48.0,8.0,King,6,East Side
297,44.0,8.0,King,6,East Side
298,48.0,8.0,King,6,East Side
299,48.0,8.0,King,6,East Side
300,48.0,8.0,King,6,East Side
301,48.0,8.0,King,6,East Side
302,48.0,8.0,King,6,East Side
303,48.0,8.0,King,6,East Side
304,48.0,8.0,King,6,East Side
305,48.0,8.0,King,6,East Side
306,48.0,8.0,King,6,East Side
307,48.0,8.0,King,6,East Side
308,48.0,8.0,King,6,East Side
309,48.0,8.0,King,6,East Side
310,48.0,8.0,King,6,East Side
311,48.0,8.0,King,6,East Side
312,48.0,8.0,King,6,East Side
313,48.0,8.0,King,6,East Side
314,48.0,8.0,King,6,East Side
315,48.0,8.0,King,6,East Side
316,48.0,8.0,King,6,East Side
317,44.0,8.0,King,6,East Side
318,44.0,8.0,King,6,East Side
319,44.0,8.0,King,6,East Side
320,44.0,8.0,King,6,East Side
321,44.0,8.0,King,6,East Side
322,44.0,8.0,King,6,East Side
323,44.0,8.0,King,6,East Side
324,48.0,8.0,King,6,East Side
325,48.0,8.0,King,6,East Side
326,44.0,8.0,King,6,East Side
327,44.0,8.0,King,6,East Side
328,44.0,8.0,King,6,East Side
329,44.0,8.0,King,6,East Side
330,44.0,8.0,King,6,East Side
331,44.0,8.0,King,6,East Side
332,44.0,8.0,King,6,East Side
333,44.0,8.0,King,6,East Side
334,44.0,8.0,King,6,East Side
335,44.0,8.0,King,6,East Side
336,44.0,8.0,King,6,East Side
337,44.0,8.0,King,6,East Side
338,44.0,8.0,King,6,East Side
339,44.0,8.0,King,6,East Side
340,44.0,8.0,King,6,East Side
341,44.0,8.0,King,6,East Side
342,44.0,8.0,King,6,East Side
343,44.0,8.0,King,6,East Side
344,44.0,8.0,King,6,East Side
345,44.0,8.0,King,6,East Side
346,44.0,8.0,King,6,East Side
347,44.0,8.0,King,6,East Side
348,44.0,8.0,King,6,East Side
349,44.0,8.0,King,6,East Side
350,44.0,8.0,King,6,East Side
351,44.0,8.0,King,6,East Side
352,44.0,8.0,King,6,East Side
353,44.0,8.0,King,6,East Side
354,44.0,8.0,King,6,East Side
355,44.0,8.0,King,6,East Side
356,44.0,8.0,King,6,East Side
357,44.0,8.0,King,6,East Side
358,44.0,8.0,King,6,East Side
359,47.0,8.0,King,6,East Side
360,47.0,8.0,King,6,East Side
361,47.0,8.0,King,6,East Side
362,47.0,8.0,King,6,East Side
363,47.0,8.0,King,6,East Side
364,47.0,8.0,King,6,East Side
365,47.0,8.0,King,6,East Side
366,47.0,8.0,King,6,East Side
367,47.0,8.0,King,6,East Side
368,47.0,8.0,King,6,East Side
369,47.0,8.0,King,6,East Side
370,47.0,8.0,King,6,East Side
371,47.0,8.0,King,6,East Side
372,47.0,8.0,King,6,East Side
373,47.0,8.0,King,6,East Side
374,47.0,8.0,King,6,East Side
375,47.0,8.0,King,6,East Side
376,47.0,8.0,King,6,East Side
377,47.0,8.0,King,6,East Side
378,47.0,8.0,King,6,East Side
379,47.0,8.0,King,6,East Side
380,47.0,8.0,King,6,East Side
381,47.0,8.0,King,6,East Side
382,47.0,8.0,King,6,East Side
383,47.0,8.0,King,6,East Side
384,44.0,8.0,King,6,East Side
385,44.0,8.0,King,6,East Side
386,44.0,8.0,King,6,East Side
387,44.0,8.0,King,6,East Side
388,44.0,8.0,King,6,East Side
389,47.0,8.0,King,6,East Side
390,47.0,8.0,King,6,East Side
391,47.0,8.0,King,6,East Side
392,47.0,8.0,King,6,East Side
393,47.0,8.0,King,6,East Side
394,47.0,8.0,King,6,East Side
395,47.0,8.0,King,6,East Side
396,47.0,8.0,King,6,East Side
397,47.0,8.0,King,6,East Side
398,47.0,8.0,King,6,East Side
399,47.0,8.0,King,6,East Side
400,47.0,8.0,King,6,East Side
401,47.0,8.0,King,6,East Side
402,47.0,8.0,King,6,East Side
403,47.0,8.0,King,6,East Side
404,47.0,8.0,King,6,East Side
405,47.0,8.0,King,6,East Side
406,47.0,8.0,King,6,East Side
407,47.0,8.0,King,6,East Side
408,47.0,8.0,King,6,East Side
409,47.0,8.0,King,6,East Side
410,47.0,8.0,King,6,East Side
411,47.0,8.0,King,6,East Side
412,47.0,8.0,King,6,East Side
413,47.0,8.0,King,6,East Side
414,47.0,8.0,King,6,East Side
415,47.0,8.0,King,6,East Side
416,47.0,8.0,King,6,East Side
417,47.0,8.0,King,6,East Side
418,47.0,8.0,King,6,East Side
419,47.0,8.0,King,6,East Side
420,47.0,8.0,King,6,East Side
421,47.0,8.0,King,6,East Side
422,47.0,8.0,King,6,East Side
423,47.0,8.0,King,6,East Side
424,47.0,8.0,King,6,East Side
425,47.0,8.0,King,6,East Side
426,47.0,8.0,King,6,East Side
427,47.0,8.0,King,6,East Side
428,47.0,8.0,King,6,East Side
429,50.0,8.0,King,6,East Side
430,47.0,8.0,King,6,East Side
431,50.0,8.0,King,6,East Side
432,47.0,8.0,King,6,East Side
433,47.0,8.0,King,6,East Side
434,47.0,8.0,King,6,East Side
435,47.0,8.0,King,6,East Side
436,47.0,8.0,King,6,East Side
437,47.0,8.0,King,6,East Side
438,47.0,8.0,King,6,East Side
439,47.0,8.0,King,6,East Side
440,47.0,8.0,King,6,East Side
441,47.0,8.0,King,6,East Side
442,47.0,8.0,King,6,East Side
443,47.0,8.0,King,6,East Side
444,47.0,8.0,King,6,East Side
445,47.0,8.0,King,6,East Side
446,47.0,8.0,King,6,East Side
447,47.0,8.0,King,6,East Side
448,47.0,8.0,King,6,East Side
449,47.0,8.0,King,6,East Side
450,47.0,8.0,King,6,East Side
451,47.0,8.0,King,6,East Side
452,47.0,8.0,King,6,East Side
453,47.0,8.0,King,6,East Side
454,47.0,8.0,King,6,East Side
455,47.0,8.0,King,6,East Side
456,47.0,8.0,King,6,East Side
457,47.0,8.0,King,6,East Side
458,47.0,8.0,King,6,East Side
459,47.0,8.0,King,6,East Side
460,47.0,8.0,King,6,East Side
461,47.0,8.0,King,6,East Side
462,47.0,8.0,King,6,East Side
463,47.0,8.0,King,6,East Side
464,47.0,8.0,King,6,East Side
465,47.0,8.0,King,6,East Side
466,47.0,8.0,King,6,East Side
467,47.0,8.0,King,6,East Side
468,47.0,8.0,King,6,East Side
469,47.0,8.0,King,6,East Side
470,47.0,8.0,King,6,East Side
471,47.0,8.0,King,6,East Side
472,47.0,8.0,King,6,East Side
473,47.0,8.0,King,6,East Side
474,47.0,8.0,King,6,East Side
475,47.0,8.0,King,6,East Side
476,47.0,8.0,King,6,East Side
477,47.0,8.0,King,6,East Side
478,47.0,8.0,King,6,East Side
479,47.0,8.0,King,6,East Side
480,47.0,8.0,King,6,East Side
481,47.0,8.0,King,6,East Side
482,47.0,8.0,King,6,East Side
483,47.0,8.0,King,6,East Side
484,47.0,8.0,King,6,East Side
485,47.0,8.0,King,6,East Side
486,47.0,8.0,King,6,East Side
487,41.0,7.0,King,6,East Side
488,41.0,7.0,King,6,East Side
489,47.0,8.0,King,6,East Side
490,44.0,8.0,King,6,East Side
491,44.0,8.0,King,6,East Side
492,44.0,8.0,King,6,East Side
493,44.0,8.0,King,6,East Side
494,44.0,8.0,King,6,East Side
495,44.0,8.0,King,6,East Side
496,44.0,8.0,King,6,East Side
497,44.0,8.0,King,6,East Side
498,44.0,8.0,King,6,East Side
499,44.0,8.0,King,6,East Side
500,44.0,8.0,King,6,East Side
501,44.0,8.0,King,6,East Side
502,44.0,8.0,King,6,East Side
503,44.0,8.0,King,6,East Side
504,44.0,8.0,King,6,East Side
505,44.0,8.0,King,6,East Side
506,44.0,8.0,King,6,East Side
507,44.0,8.0,King,6,East Side
508,44.0,8.0,King,6,East Side
509,44.0,8.0,King,6,East Side
510,44.0,8.0,King,6,East Side
511,44.0,8.0,King,6,East Side
512,44.0,8.0,King,6,East Side
513,44.0,8.0,King,6,East Side
514,41.0,7.0,King,6,East Side
515,41.0,7.0,King,6,East Side
516,41.0,7.0,King,6,East Side
517,41.0,7.0,King,6,East Side
518,44.0,8.0,King,6,East Side
519,44.0,8.0,King,6,East Side
520,44.0,8.0,King,6,East Side
521,44.0,8.0,King,6,East Side
522,44.0,8.0,King,6,East Side
523,44.0,8.0,King,6,East Side
524,44.0,8.0,King,6,East Side
525,44.0,8.0,King,6,East Side
526,44.0,8.0,King,6,East Side
527,44.0,8.0,King,6,East Side
528,44.0,8.0,King,6,East Side
529,44.0,8.0,King,6,East Side
530,44.0,8.0,King,6,East Side
531,44.0,8.0,King,6,East Side
532,42.0,7.0,King,6,East Side
533,42.0,7.0,King,6,East Side
534,42.0,7.0,King,6,East Side
535,42.0,7.0,King,6,East Side
536,42.0,7.0,King,6,East Side
537,42.0,7.0,King,6,East Side
538,42.0,7.0,King,6,East Side
539,42.0,7.0,King,6,East Side
540,42.0,7.0,King,6,East Side
541,42.0,7.0,King,6,East Side
542,42.0,7.0,King,6,East Side
543,42.0,7.0,King,6,East Side
544,42.0,7.0,King,6,East Side
545,42.0,7.0,King,6,East Side
546,42.0,7.0,King,6,East Side
547,42.0,7.0,King,6,East Side
548,42.0,7.0,King,6,East Side
549,42.0,7.0,King,6,East Side
550,42.0,7.0,King,6,East Side
551,42.0,7.0,King,6,East Side
552,44.0,8.0,King,6,East Side
553,44.0,8.0,King,6,East Side
554,44.0,8.0,King,6,East Side
555,44.0,8.0,King,6,East Side
556,44.0,8.0,King,6,East Side
557,44.0,8.0,King,6,East Side
558,44.0,8.0,King,6,East Side
559,44.0,8.0,King,6,East Side
560,44.0,8.0,King,6,East Side
561,42.0,7.0,King,6,East Side
562,42.0,7.0,King,6,East Side
563,42.0,7.0,King,6,East Side
564,42.0,7.0,King,6,East Side
565,41.0,7.0,King,6,East Side
566,44.0,8.0,King,6,East Side
567,44.0,8.0,King,6,East Side
568,44.0,8.0,King,6,East Side
569,44.0,8.0,King,6,East Side
570,44.0,8.0,King,6,East Side
571,44.0,8.0,King,6,East Side
572,44.0,8.0,King,6,East Side
573,44.0,8.0,King,6,East Side
574,44.0,8.0,King,6,East Side
575,44.0,8.0,King,6,East Side
576,44.0,8.0,King,6,East Side
577,44.0,8.0,King,6,East Side
578,44.0,8.0,King,6,East Side
579,44.0,8.0,King,6,East Side
580,44.0,8.0,King,6,East Side
581,44.0,8.0,King,6,East Side
582,44.0,8.0,King,6,East Side
583,44.0,8.0,King,6,East Side
584,44.0,8.0,King,6,East Side
585,44.0,8.0,King,6,East Side
586,44.0,8.0,King,6,East Side
587,44.0,8.0,King,6,East Side
588,44.0,8.0,King,6,East Side
589,44.0,8.0,King,6,East Side
590,44.0,8.0,King,6,East Side
591,44.0,8.0,King,6,East Side
592,41.0,7.0,King,6,East Side
593,41.0,7.0,King,6,East Side
594,41.0,7.0,King,6,East Side
595,41.0,7.0,King,6,East Side
596,41.0,7.0,King,6,East Side
597,41.0,7.0,King,6,East Side
598,41.0,7.0,King,6,East Side
599,41.0,7.0,King,6,East Side
600,41.0,7.0,King,6,East Side
601,41.0,7.0,King,6,East Side
602,41.0,7.0,King,6,East Side
603,41.0,7.0,King,6,East Side
604,41.0,7.0,King,6,East Side
605,41.0,7.0,King,6,East Side
606,41.0,7.0,King,6,East Side
607,41.0,7.0,King,6,East Side
608,41.0,7.0,King,6,East Side
609,41.0,7.0,King,6,East Side
610,41.0,7.0,King,6,East Side
611,41.0,7.0,King,6,East Side
612,41.0,7.0,King,6,East Side
613,41.0,7.0,King,6,East Side
614,41.0,7.0,King,6,East Side
615,41.0,7.0,King,6,East Side
616,41.0,7.0,King,6,East Side
617,50.0,8.0,King,6,East Side
618,50.0,8.0,King,6,East Side
619,50.0,8.0,King,6,East Side
620,50.0,8.0,King,6,East Side
621,50.0,8.0,King,6,East Side
622,50.0,8.0,King,6,East Side
623,50.0,8.0,King,6,East Side
624,50.0,8.0,King,6,East Side
625,50.0,8.0,King,6,East Side
626,50.0,8.0,King,6,East Side
627,50.0,8.0,King,6,East Side
628,50.0,8.0,King,6,East Side
629,50.0,8.0,King,6,East Side
630,50.0,8.0,King,6,East Side
631,50.0,8.0,King,6,East Side
632,50.0,8.0,King,6,East Side
633,50.0,8.0,King,6,East Side
634,50.0,8.0,King,6,East Side
635,50.0,8.0,King,6,East Side
636,44.0,8.0,King,6,East Side
637,44.0,8.0,King,6,East Side
638,42.0,7.0,King,6,East Side
639,42.0,7.0,King,6,East Side
640,42.0,7.0,King,6,East Side
641,42.0,7.0,King,6,East Side
642,42.0,7.0,King,6,East Side
643,42.0,7.0,King,6,East Side
644,42.0,7.0,King,6,East Side
645,42.0,7.0,King,6,East Side
646,42.0,7.0,King,6,East Side
647,42.0,7.0,King,6,East Side
648,42.0,7.0,King,6,East Side
649,41.0,7.0,King,6,East Side
650,41.0,7.0,King,6,East Side
651,41.0,7.0,King,6,East Side
652,40.0,7.0,King,6,East Side
653,41.0,7.0,King,6,East Side
654,41.0,7.0,King,6,East Side
655,41.0,7.0,King,6,East Side
656,41.0,6.0,King,6,East Side
657,41.0,7.0,King,6,East Side
658,47.0,8.0,King,6,East Side
681,50.0,8.0,King,6,East Side
682,50.0,8.0,King,6,East Side
683,52.0,9.0,King,6,East Side
684,52.0,9.0,King,6,East Side
685,52.0,9.0,King,6,East Side
686,52.0,9.0,King,6,East Side
687,52.0,9.0,King,6,East Side
688,52.0,9.0,King,6,East Side
689,52.0,9.0,King,6,East Side
690,52.0,9.0,King,6,East Side
691,52.0,9.0,King,6,East Side
692,52.0,9.0,King,6,East Side
693,52.0,9.0,King,6,East Side
694,52.0,9.0,King,6,East Side
695,52.0,9.0,King,6,East Side
696,52.0,9.0,King,6,East Side
697,52.0,9.0,King,6,East Side
698,52.0,9.0,King,6,East Side
699,52.0,9.0,King,6,East Side
700,52.0,9.0,King,6,East Side
701,52.0,9.0,King,6,East Side
702,52.0,9.0,King,6,East Side
703,52.0,9.0,King,6,East Side
704,52.0,9.0,King,6,East Side
705,52.0,9.0,King,6,East Side
706,52.0,9.0,King,6,East Side
707,52.0,9.0,King,6,East Side
708,52.0,9.0,King,6,East Side
709,52.0,9.0,King,6,East Side
710,52.0,9.0,King,6,East Side
711,52.0,9.0,King,6,East Side
712,52.0,9.0,King,6,East Side
713,52.0,9.0,King,6,East Side
714,52.0,9.0,King,6,East Side
715,52.0,9.0,King,6,East Side
716,52.0,9.0,King,6,East Side
717,52.0,9.0,King,6,East Side
718,52.0,9.0,King,6,East Side
719,52.0,9.0,King,6,East Side
720,53.0,9.0,King,6,East Side
721,52.0,9.0,King,6,East Side
722,52.0,9.0,King,6,East Side
723,52.0,9.0,King,6,East Side
724,52.0,9.0,King,6,East Side
725,52.0,9.0,King,6,East Side
726,52.0,9.0,King,6,East Side
727,52.0,9.0,King,6,East Side
728,52.0,9.0,King,6,East Side
729,52.0,9.0,King,6,East Side
730,52.0,9.0,King,6,East Side
731,52.0,9.0,King,6,East Side
732,52.0,9.0,King,6,East Side
733,52.0,9.0,King,6,East Side
734,52.0,9.0,King,6,East Side
735,52.0,9.0,King,6,East Side
736,52.0,9.0,King,6,East Side
737,52.0,9.0,King,6,East Side
738,52.0,9.0,King,6,East Side
739,52.0,9.0,King,6,East Side
740,52.0,9.0,King,6,East Side
741,52.0,9.0,King,6,East Side
742,52.0,9.0,King,6,East Side
743,52.0,9.0,King,6,East Side
744,52.0,9.0,King,6,East Side
745,52.0,9.0,King,6,East Side
746,52.0,9.0,King,6,East Side
747,52.0,9.0,King,6,East Side
748,52.0,9.0,King,6,East Side
749,52.0,9.0,King,6,East Side
750,52.0,9.0,King,6,East Side
751,52.0,9.0,King,6,East Side
752,52.0,9.0,King,6,East Side
753,52.0,9.0,King,6,East Side
754,52.0,9.0,King,6,East Side
755,52.0,9.0,King,6,East Side
756,52.0,9.0,King,6,East Side
757,52.0,9.0,King,6,East Side
758,52.0,9.0,King,6,East Side
759,52.0,9.0,King,6,East Side
760,52.0,9.0,King,6,East Side
761,52.0,9.0,King,6,East Side
762,52.0,9.0,King,6,East Side
763,52.0,9.0,King,6,East Side
764,52.0,9.0,King,6,East Side
765,52.0,9.0,King,6,East Side
766,52.0,9.0,King,6,East Side
767,52.0,9.0,King,6,East Side
768,56.0,9.0,King,6,East Side
769,56.0,9.0,King,6,East Side
770,56.0,9.0,King,6,East Side
771,52.0,9.0,King,6,East Side
772,56.0,9.0,King,6,East Side
773,56.0,9.0,King,6,East Side
774,52.0,9.0,King,6,East Side
775,56.0,9.0,King,6,East Side
776,52.0,9.0,King,6,East Side
777,52.0,9.0,King,6,East Side
778,52.0,9.0,King,6,East Side
779,52.0,9.0,King,6,East Side
780,52.0,9.0,King,6,East Side
781,52.0,9.0,King,6,East Side
782,52.0,9.0,King,6,East Side
783,52.0,9.0,King,6,East Side
784,52.0,9.0,King,6,East Side
785,56.0,9.0,King,6,East Side
786,56.0,9.0,King,6,East Side
787,56.0,9.0,King,6,East Side
788,56.0,9.0,King,6,East Side
789,56.0,9.0,King,6,East Side
790,56.0,9.0,King,6,East Side
791,56.0,9.0,King,6,East Side
792,56.0,9.0,King,6,East Side
793,56.0,9.0,King,6,East Side
794,56.0,9.0,King,6,East Side
795,56.0,9.0,King,6,East Side
796,52.0,9.0,King,6,East Side
797,52.0,9.0,King,6,East Side
798,52.0,9.0,King,6,East Side
799,52.0,9.0,King,6,East Side
800,52.0,9.0,King,6,East Side
801,52.0,9.0,King,6,East Side
802,56.0,9.0,King,6,East Side
803,56.0,9.0,King,6,East Side
804,56.0,9.0,King,6,East Side
805,56.0,9.0,King,6,East Side
806,56.0,9.0,King,6,East Side
807,56.0,9.0,King,6,East Side
808,56.0,9.0,King,6,East Side
809,56.0,9.0,King,6,East Side
810,56.0,9.0,King,6,East Side
811,56.0,9.0,King,6,East Side
812,56.0,9.0,King,6,East Side
813,56.0,9.0,King,6,East Side
814,56.0,9.0,King,6,East Side
815,55.0,9.0,King,6,East Side
816,55.0,9.0,King,6,East Side
817,55.0,9.0,King,6,East Side
818,55.0,9.0,King,6,East Side
819,55.0,9.0,King,6,East Side
820,55.0,9.0,King,6,East Side
821,55.0,9.0,King,6,East Side
822,55.0,9.0,King,6,East Side
823,55.0,9.0,King,6,East Side
824,55.0,9.0,King,6,East Side
825,55.0,9.0,King,6,East Side
826,55.0,9.0,King,6,East Side
827,55.0,9.0,King,6,East Side
828,55.0,9.0,King,6,East Side
829,55.0,9.0,King,6,East Side
830,55.0,9.0,King,6,East Side
831,55.0,9.0,King,6,East Side
832,55.0,9.0,King,6,East Side
833,55.0,9.0,King,6,East Side
834,55.0,9.0,King,6,East Side
835,55.0,9.0,King,6,East Side
836,55.0,9.0,King,6,East Side
837,55.0,9.0,King,6,East Side
838,55.0,9.0,King,6,East Side
839,55.0,9.0,King,6,East Side
840,55.0,9.0,King,6,East Side
841,55.0,9.0,King,6,East Side
842,55.0,9.0,King,6,East Side
843,55.0,9.0,King,6,East Side
844,55.0,9.0,King,6,East Side
845,55.0,9.0,King,6,East Side
846,55.0,9.0,King,6,East Side
847,55.0,9.0,King,6,East Side
848,55.0,9.0,King,6,East Side
849,55.0,9.0,King,6,East Side
850,55.0,9.0,King,6,East Side
851,55.0,9.0,King,6,East Side
852,55.0,9.0,King,6,East Side
853,55.0,9.0,King,6,East Side
854,55.0,9.0,King,6,East Side
855,55.0,9.0,King,6,East Side
856,55.0,9.0,King,6,East Side
857,55.0,9.0,King,6,East Side
858,55.0,9.0,King,6,East Side
859,55.0,9.0,King,6,East Side
860,55.0,9.0,King,6,East Side
861,56.0,9.0,King,6,East Side
862,56.0,9.0,King,6,East Side
863,56.0,9.0,King,6,East Side
864,56.0,9.0,King,6,East Side
865,56.0,9.0,King,6,East Side
866,56.0,9.0,King,6,East Side
867,56.0,9.0,King,6,East Side
868,56.0,9.0,King,6,East Side
869,56.0,9.0,King,6,East Side
870,56.0,9.0,King,6,East Side
871,56.0,9.0,King,6,East Side
872,56.0,9.0,King,6,East Side
873,56.0,9.0,King,6,East Side
874,56.0,9.0,King,6,East Side
875,53.0,9.0,King,6,East Side
876,53.0,9.0,King,6,East Side
877,61.0,9.0,King,6,East Side
878,56.0,9.0,King,6,East Side
879,56.0,9.0,King,6,East Side
880,56.0,9.0,King,6,East Side
881,56.0,9.0,King,6,East Side
882,56.0,9.0,King,6,East Side
883,56.0,9.0,King,6,East Side
884,56.0,9.0,King,6,East Side
885,61.0,9.0,King,6,East Side
886,61.0,9.0,King,6,East Side
887,61.0,9.0,King,6,East Side
888,61.0,9.0,King,6,East Side
889,61.0,9.0,King,6,East Side
890,61.0,9.0,King,6,East Side
891,56.0,9.0,King,6,East Side
892,56.0,9.0,King,6,East Side
893,56.0,9.0,King,6,East Side
894,61.0,9.0,King,6,East Side
895,61.0,9.0,King,6,East Side
896,60.0,9.0,King,6,East Side
897,60.0,9.0,King,6,East Side
898,52.0,9.0,King,6,East Side
899,55.0,9.0,King,6,East Side
900,55.0,9.0,King,6,East Side
901,59.0,9.0,King,6,East Side
902,59.0,9.0,King,6,East Side
903,59.0,9.0,King,6,East Side
904,59.0,9.0,King,6,East Side
905,60.0,9.0,King,6,East Side
906,60.0,9.0,King,6,East Side
907,60.0,9.0,King,6,East Side
908,60.0,9.0,King,6,East Side
909,61.0,9.0,King,6,East Side
910,60.0,9.0,King,6,East Side
911,60.0,9.0,King,6,East Side
912,60.0,9.0,King,6,East Side
913,59.0,9.0,King,6,East Side
914,59.0,9.0,King,6,East Side
915,59.0,9.0,King,6,East Side
916,59.0,9.0,King,6,East Side
917,60.0,9.0,King,6,East Side
918,60.0,9.0,King,6,East Side
931,51.0,9.0,King,6,East Side
932,51.0,9.0,King,6,East Side
933,51.0,9.0,King,6,East Side
934,51.0,9.0,King,6,East Side
935,51.0,9.0,King,6,East Side
936,51.0,9.0,King,6,East Side
937,51.0,9.0,King,6,East Side
938,51.0,9.0,King,6,East Side
939,51.0,9.0,King,6,East Side
940,51.0,9.0,King,6,East Side
941,51.0,9.0,King,6,East Side
942,51.0,9.0,King,6,East Side
943,51.0,9.0,King,6,East Side
944,51.0,9.0,King,6,East Side
945,51.0,9.0,King,6,East Side
946,51.0,9.0,King,6,East Side
947,51.0,9.0,King,6,East Side
948,51.0,9.0,King,6,East Side
949,51.0,9.0,King,6,East Side
950,51.0,9.0,King,6,East Side
951,51.0,9.0,King,6,East Side
952,51.0,9.0,King,6,East Side
953,51.0,9.0,King,6,East Side
954,51.0,9.0,King,6,East Side
955,51.0,9.0,King,6,East Side
956,51.0,9.0,King,6,East Side
957,51.0,9.0,King,6,East Side
958,51.0,9.0,King,6,East Side
959,51.0,9.0,King,6,East Side
960,51.0,9.0,King,6,East Side
961,51.0,9.0,King,6,East Side
962,51.0,9.0,King,6,East Side
963,51.0,9.0,King,6,East Side
964,51.0,9.0,King,6,East Side
965,51.0,9.0,King,6,East Side
966,48.0,8.0,King,6,East Side
967,48.0,8.0,King,6,East Side
968,48.0,8.0,King,6,East Side
969,48.0,8.0,King,6,East Side
970,51.0,9.0,King,6,East Side
971,51.0,9.0,King,6,East Side
972,51.0,9.0,King,6,East Side
973,51.0,9.0,King,6,East Side
974,51.0,9.0,King,6,East Side
975,51.0,9.0,King,6,East Side
976,51.0,9.0,King,6,East Side
977,51.0,9.0,King,6,East Side
978,51.0,9.0,King,6,East Side
979,51.0,9.0,King,6,East Side
980,51.0,9.0,King,6,East Side
981,51.0,9.0,King,6,East Side
982,53.0,9.0,King,6,East Side
983,53.0,9.0,King,6,East Side
984,53.0,9.0,King,6,East Side
985,53.0,9.0,King,6,East Side
986,53.0,9.0,King,6,East Side
987,53.0,9.0,King,6,East Side
988,53.0,9.0,King,6,East Side
989,53.0,9.0,King,6,East Side
990,53.0,9.0,King,6,East Side
991,53.0,9.0,King,6,East Side
992,53.0,9.0,King,6,East Side
993,53.0,9.0,King,6,East Side
994,53.0,9.0,King,6,East Side
995,53.0,9.0,King,6,East Side
996,53.0,9.0,King,6,East Side
997,53.0,9.0,King,6,East Side
998,53.0,9.0,King,6,East Side
999,53.0,9.0,King,6,East Side
1000,53.0,9.0,King,6,East Side
1001,53.0,9.0,King,6,East Side
1002,53.0,9.0,King,6,East Side
1003,53.0,9.0,King,6,East Side
1004,53.0,9.0,King,6,East Side
1005,53.0,9.0,King,6,East Side
1006,53.0,9.0,King,6,East Side
1007,53.0,9.0,King,6,East Side
1008,53.0,9.0,King,6,East Side
1009,53.0,9.0,King,6,East Side
1010,53.0,9.0,King,6,East Side
1011,53.0,9.0,King,6,East Side
1012,53.0,9.0,King,6,East Side
1013,53.0,9.0,King,6,East Side
1014,53.0,9.0,King,6,East Side
1015,53.0,9.0,King,6,East Side
1016,53.0,9.0,King,6,East Side
1017,53.0,9.0,King,6,East Side
1018,53.0,9.0,King,6,East Side
1019,53.0,9.0,King,6,East Side
1020,53.0,9.0,King,6,East Side
1021,53.0,9.0,King,6,East Side
1022,53.0,9.0,King,6,East Side
1023,53.0,9.0,King,6,East Side
1024,53.0,9.0,King,6,East Side
1025,53.0,9.0,King,6,East Side
1026,53.0,9.0,King,6,East Side
1027,53.0,9.0,King,6,East Side
1028,53.0,9.0,King,6,East Side
1029,53.0,9.0,King,6,East Side
1030,53.0,9.0,King,6,East Side
1031,53.0,9.0,King,6,East Side
1032,53.0,9.0,King,6,East Side
1033,53.0,9.0,King,6,East Side
1034,53.0,9.0,King,6,East Side
1035,53.0,9.0,King,6,East Side
1036,53.0,9.0,King,6,East Side
1037,53.0,9.0,King,6,East Side
1038,53.0,9.0,King,6,East Side
1039,53.0,9.0,King,6,East Side
1040,53.0,9.0,King,6,East Side
1041,53.0,9.0,King,6,East Side
1042,53.0,9.0,King,6,East Side
1043,53.0,9.0,King,6,East Side
1044,53.0,9.0,King,6,East Side
1045,53.0,9.0,King,6,East Side
1046,53.0,9.0,King,6,East Side
1047,53.0,9.0,King,6,East Side
1048,53.0,9.0,King,6,East Side
1049,53.0,9.0,King,6,East Side
1050,53.0,9.0,King,6,East Side
1051,53.0,9.0,King,6,East Side
1052,53.0,9.0,King,6,East Side
1053,53.0,9.0,King,6,East Side
1054,53.0,9.0,King,6,East Side
1055,53.0,9.0,King,6,East Side
1056,53.0,9.0,King,6,East Side
1057,53.0,9.0,King,6,East Side
1058,53.0,9.0,King,6,East Side
1059,53.0,9.0,King,6,East Side
1060,53.0,9.0,King,6,East Side
1061,53.0,9.0,King,6,East Side
1062,53.0,9.0,King,6,East Side
1063,53.0,9.0,King,6,East Side
1064,53.0,9.0,King,6,East Side
1065,53.0,9.0,King,6,East Side
1066,53.0,9.0,King,6,East Side
1067,53.0,9.0,King,6,East Side
1068,53.0,9.0,King,6,East Side
1069,53.0,9.0,King,6,East Side
1070,53.0,9.0,King,6,East Side
1071,53.0,9.0,King,6,East Side
1072,53.0,9.0,King,6,East Side
1073,53.0,9.0,King,6,East Side
1074,53.0,9.0,King,6,East Side
1075,53.0,9.0,King,6,East Side
1076,53.0,9.0,King,6,East Side
1077,53.0,9.0,King,6,East Side
1078,53.0,9.0,King,6,East Side
1079,53.0,9.0,King,6,East Side
1080,53.0,9.0,King,6,East Side
1081,53.0,9.0,King,6,East Side
1082,53.0,9.0,King,6,East Side
1083,53.0,9.0,King,6,East Side
1084,53.0,9.0,King,6,East Side
1085,53.0,9.0,King,6,East Side
1086,53.0,9.0,King,6,East Side
1087,53.0,9.0,King,6,East Side
1088,53.0,9.0,King,6,East Side
1089,53.0,9.0,King,6,East Side
1090,53.0,9.0,King,6,East Side
1091,51.0,9.0,King,6,East Side
1092,54.0,9.0,King,6,East Side
1093,54.0,9.0,King,6,East Side
1094,54.0,9.0,King,6,East Side
1095,54.0,9.0,King,6,East Side
1096,54.0,9.0,King,6,East Side
1097,54.0,9.0,King,6,East Side
1098,53.0,9.0,King,6,East Side
1099,53.0,9.0,King,6,East Side
1100,53.0,9.0,King,6,East Side
1101,53.0,9.0,King,6,East Side
1102,53.0,9.0,King,6,East Side
1103,53.0,9.0,King,6,East Side
1104,53.0,9.0,King,6,East Side
1105,53.0,9.0,King,6,East Side
1106,53.0,9.0,King,6,East Side
1107,53.0,9.0,King,6,East Side
1108,54.0,9.0,King,6,East Side
1109,54.0,9.0,King,6,East Side
1110,54.0,9.0,King,6,East Side
1111,54.0,9.0,King,6,East Side
1112,54.0,9.0,King,6,East Side
1113,54.0,9.0,King,6,East Side
1114,54.0,9.0,King,6,East Side
1115,54.0,9.0,King,6,East Side
1116,54.0,9.0,King,6,East Side
1117,54.0,9.0,King,6,East Side
1118,54.0,9.0,King,6,East Side
1119,54.0,9.0,King,6,East Side
1120,54.0,9.0,King,6,East Side
1121,54.0,9.0,King,6,East Side
1122,54.0,9.0,King,6,East Side
1123,54.0,9.0,King,6,East Side
1124,54.0,9.0,King,6,East Side
1125,54.0,9.0,King,6,East Side
1126,54.0,9.0,King,6,East Side
1127,54.0,9.0,King,6,East Side
1128,54.0,9.0,King,6,East Side
1129,54.0,9.0,King,6,East Side
1130,54.0,9.0,King,6,East Side
1131,54.0,9.0,King,6,East Side
1132,54.0,9.0,King,6,East Side
1133,54.0,9.0,King,6,East Side
1134,54.0,9.0,King,6,East Side
1135,54.0,9.0,King,6,East Side
1136,53.0,9.0,King,6,East Side
1137,53.0,9.0,King,6,East Side
1138,53.0,9.0,King,6,East Side
1139,53.0,9.0,King,6,East Side
1140,53.0,9.0,King,6,East Side
1141,53.0,9.0,King,6,East Side
1142,53.0,9.0,King,6,East Side
1143,54.0,9.0,King,6,East Side
1144,54.0,9.0,King,6,East Side
1145,54.0,9.0,King,6,East Side
1146,62.0,9.0,King,6,East Side
1147,53.0,9.0,King,6,East Side
1148,53.0,9.0,King,6,East Side
1149,53.0,9.0,King,6,East Side
1150,53.0,9.0,King,6,East Side
1151,53.0,9.0,King,6,East Side
1152,53.0,9.0,King,6,East Side
1153,53.0,9.0,King,6,East Side
1154,53.0,9.0,King,6,East Side
1155,53.0,9.0,King,6,East Side
1156,53.0,9.0,King,6,East Side
1157,53.0,9.0,King,6,East Side
1158,53.0,9.0,King,6,East Side
1159,53.0,9.0,King,6,East Side
1160,53.0,9.0,King,6,East Side
1161,53.0,9.0,King,6,East Side
1162,53.0,9.0,King,6,East Side
1163,53.0,9.0,King,6,East Side
1164,53.0,9.0,King,6,East Side
1165,53.0,9.0,King,6,East Side
1166,53.0,9.0,King,6,East Side
1167,53.0,9.0,King,6,East Side
1168,53.0,9.0,King,6,East Side
1169,53.0,9.0,King,6,East Side
1170,53.0,9.0,King,6,East Side
1171,53.0,9.0,King,6,East Side
1172,53.0,9.0,King,6,East Side
1173,53.0,9.0,King,6,East Side
1174,53.0,9.0,King,6,East Side
1175,53.0,9.0,King,6,East Side
1176,53.0,9.0,King,6,East Side
1177,61.0,9.0,King,6,East Side
1178,61.0,9.0,King,6,East Side
1179,61.0,9.0,King,6,East Side
1180,61.0,9.0,King,6,East Side
1181,61.0,9.0,King,6,East Side
1182,53.0,9.0,King,6,East Side
1183,61.0,9.0,King,6,East Side
1184,53.0,9.0,King,6,East Side
1185,53.0,9.0,King,6,East Side
1186,53.0,9.0,King,6,East Side
1187,53.0,9.0,King,6,East Side
1188,53.0,9.0,King,6,East Side
1189,61.0,9.0,King,6,East Side
1190,61.0,9.0,King,6,East Side
1191,61.0,9.0,King,6,East Side
1192,61.0,9.0,King,6,East Side
1193,61.0,9.0,King,6,East Side
1194,61.0,9.0,King,6,East Side
1195,61.0,9.0,King,6,East Side
1196,61.0,9.0,King,6,East Side
1197,60.0,9.0,King,6,East Side
1198,61.0,9.0,King,6,East Side
1199,61.0,9.0,King,6,East Side
1200,61.0,9.0,King,6,East Side
1201,62.0,9.0,King,6,East Side
1202,62.0,9.0,King,6,East Side
1203,62.0,9.0,King,6,East Side
1204,62.0,9.0,King,6,East Side
1205,62.0,9.0,King,6,East Side
1206,62.0,9.0,King,6,East Side
1207,62.0,9.0,King,6,East Side
1208,54.0,9.0,King,6,East Side
1209,54.0,9.0,King,6,East Side
1210,54.0,9.0,King,6,East Side
1211,54.0,9.0,King,6,East Side
1212,54.0,9.0,King,6,East Side
1213,54.0,9.0,King,6,East Side
1214,54.0,9.0,King,6,East Side
1215,54.0,9.0,King,6,East Side
1231,40.0,7.0,King,6,East Side
1232,40.0,7.0,King,6,East Side
1233,41.0,6.0,King,6,East Side
1234,40.0,7.0,King,6,East Side
1235,40.0,7.0,King,6,East Side
1236,37.0,5.0,King,7,Renton-FedWay-Kent
1237,20.0,6.0,King,7,Renton-FedWay-Kent
1238,20.0,6.0,King,7,Renton-FedWay-Kent
1239,20.0,6.0,King,7,Renton-FedWay-Kent
1240,19.0,6.0,King,7,Renton-FedWay-Kent
1241,17.0,10.0,King,5,West-South Seattle
1242,43.0,8.0,King,6,East Side
1243,14.0,10.0,King,5,West-South Seattle
1244,14.0,10.0,King,5,West-South Seattle
1245,14.0,10.0,King,5,West-South Seattle
1246,13.0,12.0,King,4,Seattle CBD
1247,11.0,11.0,King,4,Seattle CBD
1248,11.0,11.0,King,4,Seattle CBD
1249,11.0,11.0,King,4,Seattle CBD
1250,11.0,11.0,King,4,Seattle CBD
1251,11.0,11.0,King,4,Seattle CBD
1252,12.0,12.0,King,4,Seattle CBD
1253,11.0,11.0,King,4,Seattle CBD
1254,10.0,12.0,King,4,Seattle CBD
1255,10.0,12.0,King,4,Seattle CBD
1256,9.0,12.0,King,4,Seattle CBD
1257,10.0,12.0,King,4,Seattle CBD
1258,5.0,13.0,King,3,North Seattle-Shoreline
1259,7.0,13.0,King,3,North Seattle-Shoreline
1260,6.0,13.0,King,3,North Seattle-Shoreline
1261,4.0,13.0,King,3,North Seattle-Shoreline
1262,4.0,13.0,King,3,North Seattle-Shoreline
1263,5.0,13.0,King,3,North Seattle-Shoreline
1264,5.0,13.0,King,3,North Seattle-Shoreline
1265,5.0,13.0,King,3,North Seattle-Shoreline
1266,2.0,13.0,King,3,North Seattle-Shoreline
1267,2.0,13.0,King,3,North Seattle-Shoreline
1268,1.0,13.0,King,3,North Seattle-Shoreline
1269,1.0,13.0,King,3,North Seattle-Shoreline
1270,1.0,13.0,King,3,North Seattle-Shoreline
1271,2.0,13.0,King,3,North Seattle-Shoreline
1272,2.0,13.0,King,3,North Seattle-Shoreline
1273,1.0,13.0,King,3,North Seattle-Shoreline
1274,1.0,13.0,King,3,North Seattle-Shoreline
1275,82.0,15.0,Snohomish,2,Everett-Lynwood-Edmonds
1276,85.0,16.0,Snohomish,1,Suburban Snohomish
1277,80.0,16.0,Snohomish,1,Suburban Snohomish
1278,76.0,16.0,Snohomish,1,Suburban Snohomish
1279,78.0,15.0,Snohomish,2,Everett-Lynwood-Edmonds
1280,71.0,17.0,Snohomish,2,Everett-Lynwood-Edmonds
1281,71.0,17.0,Snohomish,2,Everett-Lynwood-Edmonds
1282,69.0,17.0,Snohomish,2,Everett-Lynwood-Edmonds
1283,69.0,18.0,Snohomish,2,Everett-Lynwood-Edmonds
1284,64.0,18.0,Snohomish,1,Suburban Snohomish
1285,64.0,18.0,Snohomish,1,Suburban Snohomish
1286,65.0,18.0,Snohomish,1,Suburban Snohomish
1287,65.0,18.0,Snohomish,1,Suburban Snohomish
1288,68.0,18.0,Snohomish,1,Suburban Snohomish
1289,67.0,18.0,Snohomish,1,Suburban Snohomish
1290,72.0,18.0,Snohomish,1,Suburban Snohomish
1291,72.0,18.0,Snohomish,1,Suburban Snohomish
1292,77.0,18.0,Snohomish,1,Suburban Snohomish
1293,77.0,18.0,Snohomish,1,Suburban Snohomish
1294,87.0,16.0,Snohomish,1,Suburban Snohomish
1295,62.0,9.0,King,6,East Side
1296,63.0,9.0,King,6,East Side
1297,49.0,7.0,King,6,East Side
1298,48.0,8.0,King,6,East Side
1299,49.0,7.0,King,6,East Side
1300,45.0,7.0,King,6,East Side
1301,42.0,7.0,King,6,East Side
1302,45.0,7.0,King,6,East Side
1303,42.0,7.0,King,6,East Side
1304,42.0,7.0,King,6,East Side
1305,63.0,9.0,King,6,East Side
1306,63.0,7.0,King,6,East Side
1307,63.0,7.0,King,6,East Side
1308,40.0,7.0,King,6,East Side
1309,39.0,7.0,King,6,East Side
1310,39.0,7.0,King,6,East Side
1311,38.0,5.0,King,7,Renton-FedWay-Kent
1312,39.0,7.0,King,6,East Side
1313,39.0,7.0,King,6,East Side
1314,40.0,7.0,King,6,East Side
1315,35.0,5.0,King,7,Renton-FedWay-Kent
1316,34.0,5.0,King,7,Renton-FedWay-Kent
1317,30.0,4.0,King,7,Renton-FedWay-Kent
1318,111.0,2.0,Pierce,10,South Pierce
1319,99.0,1.0,Pierce,10,South Pierce
1320,94.0,2.0,Pierce,10,South Pierce
1321,105.0,1.0,Pierce,10,South Pierce
1322,88.0,1.0,Pierce,11,S.Kitsap
1323,90.0,3.0,Pierce,8,Tacoma
1324,28.0,4.0,King,7,Renton-FedWay-Kent
1325,25.0,5.0,King,7,Renton-FedWay-Kent
1326,33.0,5.0,King,7,Renton-FedWay-Kent
1327,23.0,5.0,King,7,Renton-FedWay-Kent
1328,36.0,5.0,King,7,Renton-FedWay-Kent
1329,20.0,6.0,King,7,Renton-FedWay-Kent
1330,20.0,6.0,King,7,Renton-FedWay-Kent
1331,26.0,4.0,King,7,Renton-FedWay-Kent
1332,23.0,5.0,King,7,Renton-FedWay-Kent
1333,19.0,6.0,King,7,Renton-FedWay-Kent
1334,21.0,6.0,King,5,West-South Seattle
1335,19.0,6.0,King,7,Renton-FedWay-Kent
1336,16.0,10.0,King,5,West-South Seattle
1337,15.0,10.0,King,5,West-South Seattle
1338,16.0,10.0,King,5,West-South Seattle
1339,9.0,12.0,King,4,Seattle CBD
1340,9.0,12.0,King,4,Seattle CBD
1341,9.0,12.0,King,4,Seattle CBD
1342,8.0,12.0,King,4,Seattle CBD
1343,6.0,13.0,King,3,North Seattle-Shoreline
1344,3.0,13.0,King,3,North Seattle-Shoreline
1345,8.0,12.0,King,4,Seattle CBD
1346,119.0,19.0,Kitsap,9,Kitsap
1347,112.0,19.0,Kitsap,9,Kitsap
1348,114.0,19.0,Kitsap,9,Kitsap
1349,112.0,19.0,Kitsap,9,Kitsap
1350,97.0,3.0,Pierce,8,Tacoma
1351,96.0,1.0,Pierce,10,South Pierce
1352,91.0,3.0,Pierce,8,Tacoma
1353,95.0,2.0,Pierce,10,South Pierce
1354,111.0,2.0,Pierce,10,South Pierce
1355,16.0,10.0,King,5,West-South Seattle
